Dataset,Class,Accuracy,AUC
octmnist,0,0.976,0.9466933333333333
octmnist,1,0.668,0.9239146666666667
octmnist,2,0.096,0.7884213333333334
octmnist,3,0.928,0.9559226666666667
