Dataset,Class,Accuracy,AUC
pneumoniamnist,0,0.6709401709401709,0.9595222441376288
pneumoniamnist,1,0.9871794871794872,0.9603166776243699
