Dataset,Class,Accuracy,AUC
pneumoniamnist,0,0.6837606837606838,0.9691321499013807
pneumoniamnist,1,0.9974358974358974,0.9497205785667324
