Dataset,Class,Accuracy,AUC
breastmnist,0,0.0,0.7901002506265664
breastmnist,1,1.0,0.7901002506265663
