Dataset,Class,Accuracy,AUC
breastmnist,0,0.6190476190476191,0.8828320802005012
breastmnist,1,0.956140350877193,0.8828320802005012
