Dataset,Overall Accuracy,Overall AUC,Balanced Accuracy
pathmnist,0.8115598885793872,0.9593420095815824,0.7651551798821115
