Dataset,Overall Accuracy,Overall AUC,Balanced Accuracy
bloodmnist,0.9400760011692487,0.9958216740385695,0.9319024818785556
