Dataset,Overall Accuracy,Overall AUC,Balanced Accuracy
tissuemnist,0.5866751269035533,0.8455900318565793,0.44741534990838233
