Dataset,Overall Accuracy,Overall AUC,Balanced Accuracy
organamnist,0.8684891438857014,0.988523325448201,0.8602335360172731
