Dataset,Overall Accuracy,Overall AUC,Balanced Accuracy
organcmnist,0.8758519961051606,0.9870517665918669,0.8648703907887831
