Dataset,Overall Accuracy,Overall AUC,Balanced Accuracy
organamnist,0.8243334458319271,0.9791459877056682,0.8171423739609888
