Dataset,Overall Accuracy,Overall AUC,Balanced Accuracy
organcmnist,0.8280185004868549,0.9775049748597606,0.8132324508271075
