Dataset,Overall Accuracy,Overall AUC,Balanced Accuracy
organsmnist,0.725614591593973,0.9564759340420718,0.6863463265145163
