Dataset,Overall Accuracy,Overall AUC,Balanced Accuracy
pneumoniamnist,0.8798076923076923,0.9594263642340566,0.8405982905982906
