Dataset,Overall Accuracy,Overall AUC,Balanced Accuracy
tissuemnist,0.5556895093062606,0.8470006980545569,0.43406220500846504
