Dataset,Overall Accuracy,Overall AUC,Balanced Accuracy
breastmnist,0.8653846153846154,0.8828320802005012,0.7875939849624061
