Dataset,Overall Accuracy,Overall AUC,Balanced Accuracy
organsmnist,0.6797326384955251,0.9456936070788925,0.6310760445393997
