Dataset,Overall Accuracy,Overall AUC,Balanced Accuracy
pathmnist,0.8200557103064067,0.9735119804803387,0.7669733548741745
