Dataset,Overall Accuracy,Overall AUC,Balanced Accuracy
bloodmnist,0.8859982461268635,0.9866522565180956,0.8626324535558783
